name,description,price
Webcam,Precision tracking for all your gaming needs.,23.11
Action Camera,Fast charging with safety protection and compact design.,488.04
Bluetooth Speaker,Keep your floors clean with automated vacuuming.,221.78
Robot Vacuum,In-ear design with clear sound and touch controls.,32.7
4K Projector,Store your files securely with fast read/write speeds.,149.17
Wireless Earbuds,Project movies in 4K resolution with vivid colors.,228.23
Noise Cancelling Headphones,Immerse yourself in virtual worlds with this headset.,309.51
Streaming Stick,Tactile feedback and customizable keys for typing.,105.29
Smart Light Bulb,Central hub to control all your smart devices.,358.86
Bluetooth Headphones,Charge your devices on the go with fast charging.,189.34
Gaming Mouse,Fast charging with safety protection and compact design.,391.25
Portable Air Conditioner,Crystal clear display with vibrant colors.,92.39
Webcam,Tactile feedback and customizable keys for typing.,155.81
Fitness Tracker,Over-ear headphones with deep bass and noise isolation.,343.98
HDMI Cable,"Protective cover with a sleek, lightweight design.",379.85
Gaming Mouse,Manage your home's temperature from anywhere.,28.16
Streaming Stick,Capture your moments in stunning clarity.,192.07
Noise Cancelling Headphones,Over-ear headphones with deep bass and noise isolation.,209.91
Action Camera,High-capacity power bank with multiple charging ports.,30.34
Smartphone Case,Durable case with shock absorption and sleek design.,334.45
Bluetooth Adapter,Durable case with shock absorption and sleek design.,34.63
Portable SSD,Crystal clear display with vibrant colors.,70.18
Laptop Stand,Over-ear headphones with deep bass and noise isolation.,211.69
Digital Camera,Charge your devices on the go with fast charging.,293.16
Action Camera,High-speed transfer and large storage capacity.,403.03
Car Charger,"Fast, reliable internet for all your devices.",66.25
Bluetooth Headphones,Seamlessly connect your devices with this adapter.,102.35
Wireless Earbuds,Control your lights remotely with your smartphone.,82.97
Action Camera,"Protective cover with a sleek, lightweight design.",431.53
Graphic Tablet,High-definition video calls with autofocus.,178.99
Streaming Stick,Immerse yourself in virtual worlds with this headset.,217.73
Action Camera,Track your fitness and notifications on the go.,210.38
Smart Doorbell,Capture your moments in stunning clarity.,16.42
Bluetooth Speaker,Manage your home's temperature from anywhere.,84.83
Robot Vacuum,Over-ear headphones with deep bass and noise isolation.,285.2
Memory Card,Crystal clear display with vibrant colors.,270.34
VR Headset,High-definition video calls with autofocus.,326.97
Fitness Tracker,Block out the world with premium sound quality.,377.31
Smart Light Bulb,Tactile feedback and customizable keys for typing.,48.1
Wireless Router,High-definition video calls with autofocus.,384.84
Memory Card,Monitor your health with an advanced fitness tracker.,249.42
LED Monitor,Expand your USB ports with this compact hub.,359.74
USB-C Charger,"Powerful sound in a portable, compact design.",468.66
Laptop Stand,Charge your devices on the go with fast charging.,256.94
Digital Camera,Durable case with shock absorption and sleek design.,424.21
USB Hub,Answer your door from anywhere with this smart doorbell.,320.52
Wireless Router,"Fast, reliable internet for all your devices.",375.27
Webcam,Durable case with shock absorption and sleek design.,214.8
Gaming Mouse,RGB lighting and mechanical keys for enhanced gaming.,433.82
Smart Thermostat,Stream your favorite shows in high definition.,369.75
Gaming Keyboard,Keep your floors clean with automated vacuuming.,488.53
USB-C Charger,Create digital art with precision and ease.,108.96
Smart Home Hub,Fast charging with safety protection and compact design.,33.77
Smart Thermostat,Block out the world with premium sound quality.,84.46
4K Projector,High-speed transfer and large storage capacity.,190.61
Smartphone Case,Track your fitness and notifications on the go.,376.29
Digital Camera,Durable case with shock absorption and sleek design.,34.7
Smart Light Bulb,Secure your home with this smart lock and app control.,70.02
Smartphone Case,Secure your home with this smart lock and app control.,80.4
Action Camera,"Fast, reliable internet for all your devices.",53.14
Wireless Mouse,Store your files securely with fast read/write speeds.,125.09
Smartphone Case,Block out the world with premium sound quality.,167.49
Laptop Stand,Store your files securely with fast read/write speeds.,149.19
USB-C Charger,Manage your home's temperature from anywhere.,248.33
Graphic Tablet,Manage your home's temperature from anywhere.,76.4
Action Camera,Extend your Wi-Fi coverage throughout your home.,430.97
Robot Vacuum,Adjustable stand compatible with various laptops.,66.54
Portable Air Conditioner,RGB lighting and mechanical keys for enhanced gaming.,254.37
Smart Doorbell,Block out the world with premium sound quality.,495.64
Noise Cancelling Headphones,Track your fitness and notifications on the go.,146.37
VR Headset,Over-ear headphones with deep bass and noise isolation.,468.01
Smartphone Case,Fast charging with safety protection and compact design.,333.48
Car Charger,Store your files securely with fast read/write speeds.,449.3
Smart Thermostat,Manage your home's temperature from anywhere.,170.54
Portable Air Conditioner,Create digital art with precision and ease.,144.17
Bluetooth Headphones,Store your files securely with fast read/write speeds.,333.71
Gaming Mouse,Create digital art with precision and ease.,252.19
Smartphone Case,Control your lights remotely with your smartphone.,301.09
Gaming Mouse,Adjustable stand compatible with various laptops.,296.69
Laptop Stand,High-speed transfer and large storage capacity.,76.23
USB Hub,Extend your Wi-Fi coverage throughout your home.,172.72
Portable SSD,Capture your moments in stunning clarity.,341.89
External Hard Drive,"Protective cover with a sleek, lightweight design.",92.04
Smartwatch,Tactile feedback and customizable keys for typing.,117.24
LED Monitor,Over-ear headphones with deep bass and noise isolation.,174.4
Smart Light Bulb,High-definition video calls with autofocus.,301.17
Streaming Stick,Seamlessly connect your devices with this adapter.,235.46
Smart Lock,Charge your devices on the go with fast charging.,226.79
Wireless Router,Block out the world with premium sound quality.,493.66
Portable Power Bank,Tactile feedback and customizable keys for typing.,466.72
USB Hub,Control your lights remotely with your smartphone.,114.57
Laptop Stand,Ergonomic and compact design with high precision.,118.83
Robot Vacuum,"Protective cover with a sleek, lightweight design.",222.26
USB-C Charger,Control your lights remotely with your smartphone.,346.78
Portable Power Bank,Over-ear headphones with deep bass and noise isolation.,203.42
Gaming Keyboard,Create digital art with precision and ease.,169.67
Portable Power Bank,Over-ear headphones with deep bass and noise isolation.,121.14
USB-C Charger,Supports 4K resolution with high-speed connectivity.,452.97
Bluetooth Speaker,"Fast, reliable internet for all your devices.",453.06
Mechanical Keyboard,Manage your home's temperature from anywhere.,354.62
Bluetooth Headphones,Seamlessly connect your devices with this adapter.,145.65
External Hard Drive,Supports 4K resolution with high-speed connectivity.,322.3
Bluetooth Adapter,High-speed storage with sleek design.,61.35
Smart Light Bulb,Over-ear headphones with deep bass and noise isolation.,315.49
Mechanical Keyboard,High-speed transfer and large storage capacity.,177.05
Wireless Mouse,Expand your USB ports with this compact hub.,357.28
Smart Lock,Capture your moments in stunning clarity.,58.38
Wireless Earbuds,"Fast, reliable internet for all your devices.",178.63
Portable Air Conditioner,Adjustable stand compatible with various laptops.,259.18
Wireless Router,Capture action moments with this rugged camera.,207.63
Wireless Router,Tactile feedback and customizable keys for typing.,92.01
Portable Air Conditioner,Secure your home with this smart lock and app control.,284.59
Smart Lock,Portable speaker with deep bass and Bluetooth connectivity.,157.18
Car Charger,Charge your devices on the go with fast charging.,252.91
Smartwatch,Manage your home's temperature from anywhere.,95.03
VR Headset,Portable speaker with deep bass and Bluetooth connectivity.,235.56
Graphic Tablet,Track your fitness and notifications on the go.,43.97
Wireless Mouse,Block out the world with premium sound quality.,491.27
Gaming Keyboard,Tactile feedback and customizable keys for typing.,28.65
Portable Power Bank,Cool down your space quickly and efficiently.,250.29
Bluetooth Headphones,Expand your USB ports with this compact hub.,28.33
Portable SSD,Central hub to control all your smart devices.,74.44
Portable Speaker,Adjustable stand compatible with various laptops.,258.97
HDMI Cable,Crystal clear display with vibrant colors.,451.92
Fitness Tracker,Monitor your health with an advanced fitness tracker.,265.81
Streaming Stick,"Fast, reliable internet for all your devices.",248.53
Bluetooth Speaker,Charge your devices on the go with fast charging.,300.89
USB-C Charger,"Fast, reliable internet for all your devices.",258.67
LED Monitor,High-speed transfer and large storage capacity.,236.28
Streaming Stick,Central hub to control all your smart devices.,209.18
4K Projector,Precision tracking for all your gaming needs.,331.41
Smart Doorbell,Charge your devices on the go with fast charging.,475.12
Fitness Tracker,Monitor your health with an advanced fitness tracker.,319.16
USB-C Charger,Durable case with shock absorption and sleek design.,211.48
Laptop Stand,Secure your home with this smart lock and app control.,356.77
Robot Vacuum,Precision tracking for all your gaming needs.,59.8
Portable Speaker,Central hub to control all your smart devices.,466.04
Robot Vacuum,Monitor your health with an advanced fitness tracker.,159.65
Wi-Fi Extender,Block out the world with premium sound quality.,494.4
Noise Cancelling Headphones,Over-ear headphones with deep bass and noise isolation.,116.41
USB Hub,Extend your Wi-Fi coverage throughout your home.,174.89
Digital Camera,Track your fitness and notifications on the go.,450.91
Laptop Stand,Crystal clear display with vibrant colors.,57.0
Portable SSD,Cool down your space quickly and efficiently.,383.96
Webcam,Answer your door from anywhere with this smart doorbell.,256.74
Gaming Keyboard,Keep your floors clean with automated vacuuming.,387.66
Gaming Mouse,Precision tracking for all your gaming needs.,325.86
Smart Doorbell,Immerse yourself in virtual worlds with this headset.,28.16
Smart Doorbell,High-speed transfer and large storage capacity.,493.03
Smart Doorbell,Extend your Wi-Fi coverage throughout your home.,31.78
Wi-Fi Extender,"Powerful sound in a portable, compact design.",79.41
Graphic Tablet,Over-ear headphones with deep bass and noise isolation.,13.53
Noise Cancelling Headphones,High-capacity power bank with multiple charging ports.,301.78
Fitness Tracker,Stream your favorite shows in high definition.,324.82
Bluetooth Speaker,Manage your home's temperature from anywhere.,139.4
Digital Camera,Capture your moments in stunning clarity.,234.53
Bluetooth Adapter,Seamlessly connect your devices with this adapter.,56.82
Tablet Cover,"Fast, reliable internet for all your devices.",304.18
USB Hub,Precision tracking for all your gaming needs.,460.66
USB Hub,High-definition video calls with autofocus.,33.43
Wireless Earbuds,Seamlessly connect your devices with this adapter.,83.44
External Hard Drive,Cool down your space quickly and efficiently.,426.16
4K Projector,Keep your floors clean with automated vacuuming.,368.65
Bluetooth Headphones,High-speed storage with sleek design.,282.09
USB-C Charger,High-capacity power bank with multiple charging ports.,44.11
USB Hub,Central hub to control all your smart devices.,55.09
Wireless Mouse,High-speed storage with sleek design.,138.14
Bluetooth Adapter,High-capacity power bank with multiple charging ports.,245.68
Smartphone Case,Central hub to control all your smart devices.,435.93
Bluetooth Speaker,RGB lighting and mechanical keys for enhanced gaming.,18.9
Webcam,Immerse yourself in virtual worlds with this headset.,232.37
Memory Card,High-definition video calls with autofocus.,471.57
Portable SSD,Track your fitness and notifications on the go.,81.17
Tablet Cover,"Fast, reliable internet for all your devices.",217.06
Portable Air Conditioner,Answer your door from anywhere with this smart doorbell.,32.04
Portable SSD,Cool down your space quickly and efficiently.,333.85
Tablet Cover,Answer your door from anywhere with this smart doorbell.,438.74
Smartphone Case,Store your files securely with fast read/write speeds.,459.18
Wireless Router,Central hub to control all your smart devices.,440.96
Wi-Fi Extender,Project movies in 4K resolution with vivid colors.,260.76
Streaming Stick,Over-ear headphones with deep bass and noise isolation.,13.59
Digital Camera,High-definition video calls with autofocus.,402.16
Bluetooth Speaker,Capture action moments with this rugged camera.,112.98
Smart Lock,Central hub to control all your smart devices.,207.66
Portable Air Conditioner,Store your files securely with fast read/write speeds.,219.22
Wireless Earbuds,Cool down your space quickly and efficiently.,115.85
Smart Thermostat,Central hub to control all your smart devices.,364.83
Memory Card,Secure your home with this smart lock and app control.,424.13
Car Charger,Crystal clear display with vibrant colors.,12.0
Webcam,Keep your floors clean with automated vacuuming.,470.46
Bluetooth Speaker,Adjustable stand compatible with various laptops.,444.11
Gaming Keyboard,"Powerful sound in a portable, compact design.",196.35
External Hard Drive,High-speed transfer and large storage capacity.,324.28
Action Camera,Store your files securely with fast read/write speeds.,493.26
4K Projector,Precision tracking for all your gaming needs.,420.04
Fitness Tracker,High-definition video calls with autofocus.,238.62
Bluetooth Speaker,Portable speaker with deep bass and Bluetooth connectivity.,327.77
Webcam,Store your files securely with fast read/write speeds.,470.78
Portable SSD,High-speed storage with sleek design.,464.29
USB Hub,Central hub to control all your smart devices.,232.63
Bluetooth Speaker,High-speed storage with sleek design.,293.99
Webcam,In-ear design with clear sound and touch controls.,356.39
Portable Power Bank,High-definition video calls with autofocus.,276.02
Gaming Mouse,Stream your favorite shows in high definition.,12.63
Bluetooth Headphones,Capture your moments in stunning clarity.,187.77
Wireless Earbuds,Capture your moments in stunning clarity.,335.48
Portable Speaker,Crystal clear display with vibrant colors.,434.62
Laptop Stand,Supports 4K resolution with high-speed connectivity.,235.56
Fitness Tracker,Adjustable stand compatible with various laptops.,497.81
Smartphone Case,Immerse yourself in virtual worlds with this headset.,303.19
Laptop Stand,Immerse yourself in virtual worlds with this headset.,191.4
External Hard Drive,Control your lights remotely with your smartphone.,16.36
Fitness Tracker,Capture your moments in stunning clarity.,443.85
Noise Cancelling Headphones,Charge your devices on the go with fast charging.,492.54
Smart Thermostat,Seamlessly connect your devices with this adapter.,413.34
Smartphone Case,Stream your favorite shows in high definition.,455.55
Smartwatch,"Fast, reliable internet for all your devices.",64.39
VR Headset,"Protective cover with a sleek, lightweight design.",79.11
Smart Lock,Extend your Wi-Fi coverage throughout your home.,277.47
Wireless Earbuds,Over-ear headphones with deep bass and noise isolation.,241.87
External Hard Drive,Create digital art with precision and ease.,391.13
Robot Vacuum,Expand your USB ports with this compact hub.,372.65
Smart Lock,In-ear design with clear sound and touch controls.,194.05
Wi-Fi Extender,High-speed transfer and large storage capacity.,339.64
Wireless Router,Create digital art with precision and ease.,114.54
Bluetooth Headphones,Block out the world with premium sound quality.,131.95
Laptop Stand,In-ear design with clear sound and touch controls.,117.54
Smartphone Case,Supports 4K resolution with high-speed connectivity.,392.13
Graphic Tablet,High-speed transfer and large storage capacity.,156.47
USB-C Charger,"Powerful sound in a portable, compact design.",81.36
Wireless Earbuds,High-speed storage with sleek design.,404.08
Laptop Stand,Capture your moments in stunning clarity.,278.34
Smartphone Case,Expand your USB ports with this compact hub.,285.65
Smart Thermostat,Project movies in 4K resolution with vivid colors.,417.39
External Hard Drive,Extend your Wi-Fi coverage throughout your home.,323.17
Action Camera,Control your lights remotely with your smartphone.,472.4
Bluetooth Headphones,Stream your favorite shows in high definition.,356.97
Car Charger,Tactile feedback and customizable keys for typing.,40.49
Graphic Tablet,High-speed storage with sleek design.,89.65
USB Hub,Expand your USB ports with this compact hub.,152.03
Smartwatch,Project movies in 4K resolution with vivid colors.,377.28
Bluetooth Speaker,Create digital art with precision and ease.,13.98
Portable Speaker,High-definition video calls with autofocus.,477.0
Graphic Tablet,Ergonomic and compact design with high precision.,490.82
Fitness Tracker,Central hub to control all your smart devices.,429.68
Wireless Earbuds,Extend your Wi-Fi coverage throughout your home.,220.98
Bluetooth Headphones,Supports 4K resolution with high-speed connectivity.,215.67
Digital Camera,Capture action moments with this rugged camera.,134.79
Bluetooth Speaker,Track your fitness and notifications on the go.,428.23
USB Hub,Over-ear headphones with deep bass and noise isolation.,307.84
Streaming Stick,Adjustable stand compatible with various laptops.,234.68
Wireless Router,Project movies in 4K resolution with vivid colors.,451.7
Wi-Fi Extender,High-capacity power bank with multiple charging ports.,53.37
Bluetooth Headphones,Central hub to control all your smart devices.,193.36
Smart Home Hub,Answer your door from anywhere with this smart doorbell.,321.18
Portable Power Bank,Store your files securely with fast read/write speeds.,469.09
Portable Air Conditioner,Extend your Wi-Fi coverage throughout your home.,396.53
USB-C Charger,RGB lighting and mechanical keys for enhanced gaming.,122.99
Portable Air Conditioner,Extend your Wi-Fi coverage throughout your home.,45.31
Wireless Earbuds,Secure your home with this smart lock and app control.,235.76
Smartwatch,Block out the world with premium sound quality.,63.8
Smart Thermostat,Store your files securely with fast read/write speeds.,235.74
Wireless Mouse,High-speed transfer and large storage capacity.,105.72
Smart Lock,Project movies in 4K resolution with vivid colors.,297.51
Smartphone Case,Answer your door from anywhere with this smart doorbell.,311.3
Gaming Keyboard,Track your fitness and notifications on the go.,467.77
Smart Light Bulb,Store your files securely with fast read/write speeds.,175.39
Tablet Cover,Charge your devices on the go with fast charging.,281.45
Smart Thermostat,Supports 4K resolution with high-speed connectivity.,83.76
Gaming Keyboard,Manage your home's temperature from anywhere.,485.22
Smart Home Hub,Expand your USB ports with this compact hub.,381.68
USB-C Charger,Manage your home's temperature from anywhere.,230.49
Wireless Router,Keep your floors clean with automated vacuuming.,330.84
USB-C Charger,Durable case with shock absorption and sleek design.,283.7
Fitness Tracker,Portable speaker with deep bass and Bluetooth connectivity.,487.37
Mechanical Keyboard,Precision tracking for all your gaming needs.,292.7
Portable Power Bank,Control your lights remotely with your smartphone.,196.36
4K Projector,Immerse yourself in virtual worlds with this headset.,146.05
Laptop Stand,Precision tracking for all your gaming needs.,431.22
Mechanical Keyboard,Over-ear headphones with deep bass and noise isolation.,82.26
Graphic Tablet,Capture action moments with this rugged camera.,308.45
Noise Cancelling Headphones,High-speed storage with sleek design.,145.91
VR Headset,Capture action moments with this rugged camera.,109.15
VR Headset,Central hub to control all your smart devices.,280.27
Gaming Mouse,Monitor your health with an advanced fitness tracker.,477.23
Mechanical Keyboard,High-speed storage with sleek design.,164.25
Smart Lock,Adjustable stand compatible with various laptops.,194.84
Graphic Tablet,Tactile feedback and customizable keys for typing.,306.87
Smart Light Bulb,Supports 4K resolution with high-speed connectivity.,39.31
Smart Lock,High-definition video calls with autofocus.,392.24
Tablet Cover,High-capacity power bank with multiple charging ports.,351.27
Memory Card,Keep your floors clean with automated vacuuming.,301.19
Smartphone Case,Cool down your space quickly and efficiently.,275.07
Portable Speaker,Secure your home with this smart lock and app control.,215.31
Digital Camera,"Protective cover with a sleek, lightweight design.",49.43
Smart Doorbell,Secure your home with this smart lock and app control.,333.69
USB Hub,"Fast, reliable internet for all your devices.",194.76
Wireless Earbuds,"Fast, reliable internet for all your devices.",285.83
Smartwatch,Central hub to control all your smart devices.,406.09
USB Hub,Track your fitness and notifications on the go.,462.45
Car Charger,Cool down your space quickly and efficiently.,362.13
Smartphone Case,Cool down your space quickly and efficiently.,338.88
Wi-Fi Extender,Durable case with shock absorption and sleek design.,283.25
Memory Card,Track your fitness and notifications on the go.,414.39
Portable SSD,Stream your favorite shows in high definition.,91.58
Portable Power Bank,"Protective cover with a sleek, lightweight design.",285.44
Portable Power Bank,High-speed transfer and large storage capacity.,139.68
Bluetooth Adapter,Project movies in 4K resolution with vivid colors.,479.22
USB Hub,Manage your home's temperature from anywhere.,129.13
Bluetooth Speaker,Expand your USB ports with this compact hub.,77.47
Wireless Mouse,"Fast, reliable internet for all your devices.",154.03
Car Charger,Monitor your health with an advanced fitness tracker.,489.75
VR Headset,Store your files securely with fast read/write speeds.,248.46
HDMI Cable,Immerse yourself in virtual worlds with this headset.,471.08
Tablet Cover,Capture your moments in stunning clarity.,333.8
Smartwatch,High-speed transfer and large storage capacity.,368.26
Smart Lock,Precision tracking for all your gaming needs.,137.6
Bluetooth Adapter,High-speed storage with sleek design.,61.91
Smart Doorbell,Tactile feedback and customizable keys for typing.,225.52
4K Projector,Expand your USB ports with this compact hub.,137.83
Tablet Cover,Seamlessly connect your devices with this adapter.,467.3
USB Hub,Track your fitness and notifications on the go.,221.87
Gaming Mouse,Create digital art with precision and ease.,36.77
Smart Doorbell,Answer your door from anywhere with this smart doorbell.,106.3
Car Charger,In-ear design with clear sound and touch controls.,27.95
Gaming Keyboard,Secure your home with this smart lock and app control.,152.57
VR Headset,High-definition video calls with autofocus.,288.8
LED Monitor,Cool down your space quickly and efficiently.,423.36
Wireless Mouse,Capture action moments with this rugged camera.,56.44
Smart Doorbell,Secure your home with this smart lock and app control.,475.4
Bluetooth Adapter,Secure your home with this smart lock and app control.,320.4
Laptop Stand,"Fast, reliable internet for all your devices.",213.21
Wireless Router,Over-ear headphones with deep bass and noise isolation.,336.93
4K Projector,Crystal clear display with vibrant colors.,299.27
Smart Home Hub,Secure your home with this smart lock and app control.,316.46
Smartphone Case,Control your lights remotely with your smartphone.,476.51
Portable SSD,Create digital art with precision and ease.,206.76
Robot Vacuum,Portable speaker with deep bass and Bluetooth connectivity.,462.82
Smart Lock,Cool down your space quickly and efficiently.,419.89
Smart Home Hub,Block out the world with premium sound quality.,147.34
Portable Power Bank,Charge your devices on the go with fast charging.,372.7
Gaming Mouse,Monitor your health with an advanced fitness tracker.,163.77
Gaming Keyboard,Secure your home with this smart lock and app control.,342.82
Bluetooth Adapter,High-speed storage with sleek design.,301.81
Smartwatch,Charge your devices on the go with fast charging.,96.77
Portable Air Conditioner,Store your files securely with fast read/write speeds.,35.21
Bluetooth Adapter,Cool down your space quickly and efficiently.,149.08
Gaming Keyboard,Over-ear headphones with deep bass and noise isolation.,470.21
Laptop Stand,Capture action moments with this rugged camera.,213.02
USB Hub,Control your lights remotely with your smartphone.,66.13
Portable Air Conditioner,Seamlessly connect your devices with this adapter.,476.95
Smart Lock,Capture your moments in stunning clarity.,390.99
Portable Air Conditioner,In-ear design with clear sound and touch controls.,21.27
Smart Lock,Portable speaker with deep bass and Bluetooth connectivity.,267.15
Tablet Cover,Adjustable stand compatible with various laptops.,316.83
Gaming Keyboard,"Fast, reliable internet for all your devices.",469.46
Digital Camera,High-definition video calls with autofocus.,357.34
HDMI Cable,Tactile feedback and customizable keys for typing.,304.05
Wireless Earbuds,Stream your favorite shows in high definition.,376.55
Wireless Mouse,Block out the world with premium sound quality.,480.4
Portable Speaker,Tactile feedback and customizable keys for typing.,46.78
Wireless Mouse,Capture action moments with this rugged camera.,35.69
VR Headset,Extend your Wi-Fi coverage throughout your home.,182.38
Wi-Fi Extender,Cool down your space quickly and efficiently.,15.77
Smartwatch,Central hub to control all your smart devices.,289.41
Memory Card,Ergonomic and compact design with high precision.,219.12
Gaming Mouse,Capture action moments with this rugged camera.,100.26
Smart Home Hub,High-speed storage with sleek design.,341.16
Mechanical Keyboard,Create digital art with precision and ease.,73.82
Smartwatch,Expand your USB ports with this compact hub.,73.12
Wireless Router,Capture your moments in stunning clarity.,484.76
Bluetooth Headphones,Track your fitness and notifications on the go.,449.35
Mechanical Keyboard,Store your files securely with fast read/write speeds.,91.87
Wi-Fi Extender,Secure your home with this smart lock and app control.,239.14
Smart Doorbell,High-speed storage with sleek design.,324.46
Wireless Earbuds,Tactile feedback and customizable keys for typing.,285.76
Wireless Router,RGB lighting and mechanical keys for enhanced gaming.,483.47
Digital Camera,High-capacity power bank with multiple charging ports.,404.74
Smart Light Bulb,Track your fitness and notifications on the go.,449.16
Bluetooth Adapter,Keep your floors clean with automated vacuuming.,27.22
Bluetooth Speaker,Keep your floors clean with automated vacuuming.,189.08
Gaming Keyboard,Capture your moments in stunning clarity.,88.16
Graphic Tablet,Crystal clear display with vibrant colors.,265.09
Streaming Stick,Control your lights remotely with your smartphone.,237.34
Portable Air Conditioner,Capture your moments in stunning clarity.,171.49
USB Hub,Tactile feedback and customizable keys for typing.,407.1
Graphic Tablet,Portable speaker with deep bass and Bluetooth connectivity.,316.78
Memory Card,Manage your home's temperature from anywhere.,75.44
USB-C Charger,Stream your favorite shows in high definition.,497.82
USB Hub,Answer your door from anywhere with this smart doorbell.,455.53
Digital Camera,RGB lighting and mechanical keys for enhanced gaming.,357.46
Portable Power Bank,Monitor your health with an advanced fitness tracker.,15.88
Wireless Router,Cool down your space quickly and efficiently.,291.59
Smartphone Case,High-speed storage with sleek design.,171.01
Memory Card,Expand your USB ports with this compact hub.,183.29
Portable Power Bank,Crystal clear display with vibrant colors.,359.65
Bluetooth Headphones,Durable case with shock absorption and sleek design.,292.68
Car Charger,"Protective cover with a sleek, lightweight design.",399.87
4K Projector,In-ear design with clear sound and touch controls.,230.3
Smart Home Hub,Central hub to control all your smart devices.,64.46
Smart Home Hub,RGB lighting and mechanical keys for enhanced gaming.,356.78
Portable Air Conditioner,Ergonomic and compact design with high precision.,384.31
Smartphone Case,Expand your USB ports with this compact hub.,405.14
Smart Thermostat,Stream your favorite shows in high definition.,259.7
Smartphone Case,Answer your door from anywhere with this smart doorbell.,327.68
USB-C Charger,Secure your home with this smart lock and app control.,37.25
Action Camera,Portable speaker with deep bass and Bluetooth connectivity.,26.85
Digital Camera,Secure your home with this smart lock and app control.,80.82
Action Camera,Adjustable stand compatible with various laptops.,122.04
Smartwatch,Over-ear headphones with deep bass and noise isolation.,417.05
USB-C Charger,Crystal clear display with vibrant colors.,318.29
VR Headset,Seamlessly connect your devices with this adapter.,208.12
Streaming Stick,Over-ear headphones with deep bass and noise isolation.,346.32
Tablet Cover,Central hub to control all your smart devices.,412.01
Smart Home Hub,Charge your devices on the go with fast charging.,21.08
Portable Air Conditioner,Block out the world with premium sound quality.,279.56
External Hard Drive,Supports 4K resolution with high-speed connectivity.,485.59
Graphic Tablet,Cool down your space quickly and efficiently.,258.53
Smart Home Hub,Answer your door from anywhere with this smart doorbell.,401.92
Memory Card,Extend your Wi-Fi coverage throughout your home.,341.92
Portable Air Conditioner,In-ear design with clear sound and touch controls.,474.44
USB Hub,Capture your moments in stunning clarity.,286.06
Noise Cancelling Headphones,Answer your door from anywhere with this smart doorbell.,61.34
Portable Speaker,High-speed storage with sleek design.,58.76
Portable Speaker,Immerse yourself in virtual worlds with this headset.,387.35
USB-C Charger,High-capacity power bank with multiple charging ports.,427.88
Memory Card,Ergonomic and compact design with high precision.,284.14
Bluetooth Adapter,Control your lights remotely with your smartphone.,402.34
USB-C Charger,Extend your Wi-Fi coverage throughout your home.,350.39
4K Projector,Capture action moments with this rugged camera.,367.82
Tablet Cover,Expand your USB ports with this compact hub.,111.18
Portable Speaker,In-ear design with clear sound and touch controls.,308.1
Bluetooth Headphones,Store your files securely with fast read/write speeds.,157.46
HDMI Cable,High-capacity power bank with multiple charging ports.,195.99
Smartphone Case,Ergonomic and compact design with high precision.,270.54
4K Projector,Control your lights remotely with your smartphone.,236.12
Smart Doorbell,Expand your USB ports with this compact hub.,50.63
Webcam,Supports 4K resolution with high-speed connectivity.,336.68
4K Projector,Control your lights remotely with your smartphone.,381.16
Smartwatch,Capture action moments with this rugged camera.,10.68
Smart Light Bulb,Tactile feedback and customizable keys for typing.,149.72
USB-C Charger,Central hub to control all your smart devices.,169.75
Wireless Mouse,High-speed transfer and large storage capacity.,82.83
Smart Doorbell,Capture your moments in stunning clarity.,388.09
Smart Light Bulb,Crystal clear display with vibrant colors.,262.92
Streaming Stick,Fast charging with safety protection and compact design.,172.43
Laptop Stand,Expand your USB ports with this compact hub.,92.23
Wireless Mouse,Over-ear headphones with deep bass and noise isolation.,422.66
Car Charger,Precision tracking for all your gaming needs.,35.48
Wireless Router,Seamlessly connect your devices with this adapter.,25.25
Streaming Stick,Block out the world with premium sound quality.,482.2
Wireless Earbuds,Capture action moments with this rugged camera.,324.8
Wireless Mouse,"Protective cover with a sleek, lightweight design.",102.96
Laptop Stand,Ergonomic and compact design with high precision.,57.52
Mechanical Keyboard,Block out the world with premium sound quality.,458.68
USB-C Charger,Manage your home's temperature from anywhere.,204.81
Bluetooth Headphones,Supports 4K resolution with high-speed connectivity.,250.99
Memory Card,Store your files securely with fast read/write speeds.,162.85
Webcam,RGB lighting and mechanical keys for enhanced gaming.,436.42
Smart Lock,Charge your devices on the go with fast charging.,287.04
External Hard Drive,Durable case with shock absorption and sleek design.,485.89
Bluetooth Adapter,Extend your Wi-Fi coverage throughout your home.,493.01
Bluetooth Headphones,Supports 4K resolution with high-speed connectivity.,273.18
Car Charger,Monitor your health with an advanced fitness tracker.,305.93
Robot Vacuum,Capture your moments in stunning clarity.,24.84
Portable Power Bank,Secure your home with this smart lock and app control.,364.07
Noise Cancelling Headphones,"Powerful sound in a portable, compact design.",416.11
Action Camera,Durable case with shock absorption and sleek design.,58.38
VR Headset,Durable case with shock absorption and sleek design.,84.73
External Hard Drive,"Powerful sound in a portable, compact design.",396.82
Smart Home Hub,Capture your moments in stunning clarity.,321.66
Noise Cancelling Headphones,Fast charging with safety protection and compact design.,107.18
USB Hub,Immerse yourself in virtual worlds with this headset.,419.39
Digital Camera,Track your fitness and notifications on the go.,126.04
Wireless Router,"Powerful sound in a portable, compact design.",29.77
Bluetooth Adapter,Stream your favorite shows in high definition.,155.77
VR Headset,Crystal clear display with vibrant colors.,315.23
4K Projector,Seamlessly connect your devices with this adapter.,433.74
USB-C Charger,Keep your floors clean with automated vacuuming.,319.83
External Hard Drive,"Protective cover with a sleek, lightweight design.",74.58
Portable Power Bank,Adjustable stand compatible with various laptops.,372.82
Wireless Earbuds,Ergonomic and compact design with high precision.,237.77
Laptop Stand,"Protective cover with a sleek, lightweight design.",69.63
Action Camera,Store your files securely with fast read/write speeds.,466.92
Car Charger,High-speed transfer and large storage capacity.,75.31
Action Camera,Monitor your health with an advanced fitness tracker.,40.18
Digital Camera,Store your files securely with fast read/write speeds.,401.83
Robot Vacuum,Control your lights remotely with your smartphone.,452.86
Bluetooth Headphones,High-speed transfer and large storage capacity.,447.94
Tablet Cover,Crystal clear display with vibrant colors.,30.11
Portable Air Conditioner,Secure your home with this smart lock and app control.,431.06
Memory Card,Portable speaker with deep bass and Bluetooth connectivity.,496.45
Smart Lock,Fast charging with safety protection and compact design.,273.34
Laptop Stand,Portable speaker with deep bass and Bluetooth connectivity.,216.27
HDMI Cable,Tactile feedback and customizable keys for typing.,33.24
Graphic Tablet,Project movies in 4K resolution with vivid colors.,252.17
Smart Lock,Precision tracking for all your gaming needs.,280.48
Digital Camera,Stream your favorite shows in high definition.,307.26
Wireless Router,Block out the world with premium sound quality.,18.83
Streaming Stick,High-speed transfer and large storage capacity.,224.64
VR Headset,Fast charging with safety protection and compact design.,353.34
Smartphone Case,Control your lights remotely with your smartphone.,129.96
Robot Vacuum,Durable case with shock absorption and sleek design.,101.94
Bluetooth Speaker,High-capacity power bank with multiple charging ports.,153.9
Portable Air Conditioner,"Protective cover with a sleek, lightweight design.",381.96
Portable SSD,High-definition video calls with autofocus.,365.0
Smart Doorbell,Portable speaker with deep bass and Bluetooth connectivity.,162.81
Bluetooth Speaker,Portable speaker with deep bass and Bluetooth connectivity.,300.39
Gaming Keyboard,Seamlessly connect your devices with this adapter.,445.3
Wireless Mouse,Crystal clear display with vibrant colors.,382.09
Portable Air Conditioner,Supports 4K resolution with high-speed connectivity.,339.04
Car Charger,Stream your favorite shows in high definition.,412.73
Portable Air Conditioner,Tactile feedback and customizable keys for typing.,254.64
Smart Lock,Monitor your health with an advanced fitness tracker.,198.92
Portable Air Conditioner,Control your lights remotely with your smartphone.,50.21
VR Headset,Control your lights remotely with your smartphone.,279.96
Portable Power Bank,Manage your home's temperature from anywhere.,187.11
Mechanical Keyboard,Precision tracking for all your gaming needs.,299.15
Portable Power Bank,Answer your door from anywhere with this smart doorbell.,169.19
Wireless Mouse,Expand your USB ports with this compact hub.,451.84
Mechanical Keyboard,"Protective cover with a sleek, lightweight design.",186.73
External Hard Drive,Extend your Wi-Fi coverage throughout your home.,337.69
Portable Speaker,High-definition video calls with autofocus.,15.77
Laptop Stand,Store your files securely with fast read/write speeds.,343.61
Digital Camera,Immerse yourself in virtual worlds with this headset.,34.67
Portable Speaker,Answer your door from anywhere with this smart doorbell.,417.97
Laptop Stand,High-speed storage with sleek design.,162.34
Bluetooth Speaker,Charge your devices on the go with fast charging.,101.09
Action Camera,Capture your moments in stunning clarity.,366.81
Gaming Keyboard,Precision tracking for all your gaming needs.,187.95
Portable Air Conditioner,Tactile feedback and customizable keys for typing.,252.66
Car Charger,Block out the world with premium sound quality.,400.42
Bluetooth Headphones,"Powerful sound in a portable, compact design.",115.27
Gaming Mouse,Tactile feedback and customizable keys for typing.,180.7
Smartphone Case,Durable case with shock absorption and sleek design.,313.14
USB-C Charger,"Powerful sound in a portable, compact design.",422.49
Gaming Mouse,Store your files securely with fast read/write speeds.,150.56
Smartwatch,Manage your home's temperature from anywhere.,74.35
Noise Cancelling Headphones,Manage your home's temperature from anywhere.,324.34
Smart Doorbell,Track your fitness and notifications on the go.,292.83
Smartwatch,Seamlessly connect your devices with this adapter.,348.04
External Hard Drive,Manage your home's temperature from anywhere.,117.77
Gaming Mouse,Supports 4K resolution with high-speed connectivity.,341.01
HDMI Cable,Ergonomic and compact design with high precision.,217.1
Wireless Earbuds,Create digital art with precision and ease.,275.71
Smart Thermostat,High-capacity power bank with multiple charging ports.,361.33
Graphic Tablet,High-speed transfer and large storage capacity.,99.89
Smartwatch,Adjustable stand compatible with various laptops.,143.74
HDMI Cable,Answer your door from anywhere with this smart doorbell.,44.63
External Hard Drive,Keep your floors clean with automated vacuuming.,213.43
Laptop Stand,High-speed storage with sleek design.,394.51
Wireless Router,Seamlessly connect your devices with this adapter.,490.72
Smart Home Hub,Extend your Wi-Fi coverage throughout your home.,62.05
Car Charger,Crystal clear display with vibrant colors.,464.33
Smart Doorbell,Cool down your space quickly and efficiently.,62.33
Graphic Tablet,Secure your home with this smart lock and app control.,291.59
Smart Light Bulb,Expand your USB ports with this compact hub.,213.96
Digital Camera,Durable case with shock absorption and sleek design.,344.0
Action Camera,Ergonomic and compact design with high precision.,41.62
Smartwatch,Over-ear headphones with deep bass and noise isolation.,70.75
USB-C Charger,In-ear design with clear sound and touch controls.,311.02
Bluetooth Speaker,Expand your USB ports with this compact hub.,38.44
Smart Thermostat,High-capacity power bank with multiple charging ports.,192.36
External Hard Drive,Charge your devices on the go with fast charging.,239.94
Smart Lock,Supports 4K resolution with high-speed connectivity.,97.91
Portable Power Bank,In-ear design with clear sound and touch controls.,36.48
Digital Camera,Control your lights remotely with your smartphone.,85.62
Smart Home Hub,Portable speaker with deep bass and Bluetooth connectivity.,212.2
Bluetooth Headphones,Stream your favorite shows in high definition.,252.78
Noise Cancelling Headphones,Seamlessly connect your devices with this adapter.,490.18
Laptop Stand,Central hub to control all your smart devices.,138.61
Smart Home Hub,Tactile feedback and customizable keys for typing.,305.46
Smart Home Hub,Precision tracking for all your gaming needs.,412.26
Robot Vacuum,Project movies in 4K resolution with vivid colors.,277.32
Tablet Cover,Block out the world with premium sound quality.,476.82
Bluetooth Speaker,Expand your USB ports with this compact hub.,356.35
4K Projector,Extend your Wi-Fi coverage throughout your home.,442.4
Portable Air Conditioner,Durable case with shock absorption and sleek design.,113.74
Graphic Tablet,Block out the world with premium sound quality.,419.94
Bluetooth Speaker,Keep your floors clean with automated vacuuming.,146.55
Smart Thermostat,Capture action moments with this rugged camera.,395.6
Smartwatch,In-ear design with clear sound and touch controls.,115.89
LED Monitor,Capture action moments with this rugged camera.,64.82
Smartphone Case,Crystal clear display with vibrant colors.,282.61
Action Camera,Store your files securely with fast read/write speeds.,32.96
Webcam,Fast charging with safety protection and compact design.,137.16
Fitness Tracker,Manage your home's temperature from anywhere.,300.87
Portable Air Conditioner,"Fast, reliable internet for all your devices.",170.3
Noise Cancelling Headphones,Stream your favorite shows in high definition.,441.21
Streaming Stick,High-definition video calls with autofocus.,330.53
Portable Speaker,Stream your favorite shows in high definition.,222.9
Noise Cancelling Headphones,Secure your home with this smart lock and app control.,448.31
Graphic Tablet,In-ear design with clear sound and touch controls.,143.27
Smart Light Bulb,Monitor your health with an advanced fitness tracker.,310.22
Wireless Earbuds,Control your lights remotely with your smartphone.,43.83
Tablet Cover,Central hub to control all your smart devices.,53.47
USB Hub,High-speed transfer and large storage capacity.,268.4
Car Charger,Track your fitness and notifications on the go.,232.92
Wireless Router,Project movies in 4K resolution with vivid colors.,339.49
4K Projector,Portable speaker with deep bass and Bluetooth connectivity.,235.54
Gaming Mouse,Immerse yourself in virtual worlds with this headset.,327.68
External Hard Drive,Ergonomic and compact design with high precision.,477.37
Robot Vacuum,Secure your home with this smart lock and app control.,414.04
VR Headset,High-capacity power bank with multiple charging ports.,13.09
Graphic Tablet,High-speed storage with sleek design.,363.39
Noise Cancelling Headphones,Adjustable stand compatible with various laptops.,211.21
Smart Doorbell,Store your files securely with fast read/write speeds.,333.55
Robot Vacuum,Capture action moments with this rugged camera.,161.04
Memory Card,High-speed transfer and large storage capacity.,283.5
4K Projector,Immerse yourself in virtual worlds with this headset.,218.68
LED Monitor,Extend your Wi-Fi coverage throughout your home.,179.57
Noise Cancelling Headphones,Control your lights remotely with your smartphone.,472.16
Mechanical Keyboard,Track your fitness and notifications on the go.,496.84
Smart Light Bulb,Precision tracking for all your gaming needs.,276.01
Gaming Keyboard,Capture your moments in stunning clarity.,275.09
Gaming Mouse,Manage your home's temperature from anywhere.,108.79
Gaming Keyboard,Durable case with shock absorption and sleek design.,432.56
Portable Speaker,Manage your home's temperature from anywhere.,39.99
Wireless Earbuds,Seamlessly connect your devices with this adapter.,446.76
Memory Card,Seamlessly connect your devices with this adapter.,281.42
Smart Home Hub,Cool down your space quickly and efficiently.,165.88
Smart Home Hub,Project movies in 4K resolution with vivid colors.,367.8
Mechanical Keyboard,Charge your devices on the go with fast charging.,268.01
Noise Cancelling Headphones,Precision tracking for all your gaming needs.,165.11
Fitness Tracker,Portable speaker with deep bass and Bluetooth connectivity.,476.26
Smart Lock,"Protective cover with a sleek, lightweight design.",123.43
Gaming Keyboard,Secure your home with this smart lock and app control.,193.39
Portable Power Bank,High-capacity power bank with multiple charging ports.,201.03
Webcam,Supports 4K resolution with high-speed connectivity.,381.53
VR Headset,Secure your home with this smart lock and app control.,134.2
Bluetooth Speaker,Capture action moments with this rugged camera.,433.84
Webcam,Cool down your space quickly and efficiently.,103.69
Robot Vacuum,Track your fitness and notifications on the go.,380.58
Portable Speaker,Immerse yourself in virtual worlds with this headset.,401.74
Portable Power Bank,Ergonomic and compact design with high precision.,473.31
Bluetooth Speaker,Create digital art with precision and ease.,322.47
Portable Speaker,Extend your Wi-Fi coverage throughout your home.,319.03
Smart Home Hub,Store your files securely with fast read/write speeds.,156.07
Car Charger,Extend your Wi-Fi coverage throughout your home.,462.71
VR Headset,Monitor your health with an advanced fitness tracker.,395.52
Mechanical Keyboard,Ergonomic and compact design with high precision.,285.82
Action Camera,Tactile feedback and customizable keys for typing.,249.72
HDMI Cable,Control your lights remotely with your smartphone.,336.94
External Hard Drive,Manage your home's temperature from anywhere.,446.33
4K Projector,High-speed storage with sleek design.,428.29
USB-C Charger,Tactile feedback and customizable keys for typing.,209.3
Portable Air Conditioner,Expand your USB ports with this compact hub.,178.25
Tablet Cover,Central hub to control all your smart devices.,148.57
Fitness Tracker,Supports 4K resolution with high-speed connectivity.,81.38
Portable Speaker,Expand your USB ports with this compact hub.,377.79
Fitness Tracker,Track your fitness and notifications on the go.,184.63
Wireless Earbuds,Fast charging with safety protection and compact design.,325.88
LED Monitor,"Protective cover with a sleek, lightweight design.",448.11
USB-C Charger,Project movies in 4K resolution with vivid colors.,199.28
Smartphone Case,High-speed transfer and large storage capacity.,228.99
External Hard Drive,"Protective cover with a sleek, lightweight design.",65.19
Action Camera,High-speed transfer and large storage capacity.,445.4
Gaming Mouse,"Fast, reliable internet for all your devices.",399.64
Digital Camera,Precision tracking for all your gaming needs.,305.6
Webcam,Create digital art with precision and ease.,468.22
Wireless Earbuds,Cool down your space quickly and efficiently.,271.48
Streaming Stick,Extend your Wi-Fi coverage throughout your home.,305.26
Wireless Router,"Powerful sound in a portable, compact design.",211.17
Smart Lock,Store your files securely with fast read/write speeds.,371.08
Tablet Cover,Capture your moments in stunning clarity.,376.53
Noise Cancelling Headphones,High-definition video calls with autofocus.,74.79
Portable Air Conditioner,High-speed storage with sleek design.,177.56
USB Hub,High-speed transfer and large storage capacity.,200.55
Bluetooth Headphones,Cool down your space quickly and efficiently.,241.1
Portable Air Conditioner,Central hub to control all your smart devices.,261.09
Mechanical Keyboard,Block out the world with premium sound quality.,156.89
Smartphone Case,Portable speaker with deep bass and Bluetooth connectivity.,477.35
Smartphone Case,Charge your devices on the go with fast charging.,134.54
USB Hub,Tactile feedback and customizable keys for typing.,443.02
Bluetooth Adapter,"Fast, reliable internet for all your devices.",479.92
Action Camera,Keep your floors clean with automated vacuuming.,244.19
Robot Vacuum,Store your files securely with fast read/write speeds.,186.99
External Hard Drive,Monitor your health with an advanced fitness tracker.,62.89
Laptop Stand,Crystal clear display with vibrant colors.,171.12
Wireless Earbuds,Seamlessly connect your devices with this adapter.,205.83
Smart Thermostat,Durable case with shock absorption and sleek design.,236.03
Smart Home Hub,Create digital art with precision and ease.,148.92
HDMI Cable,High-capacity power bank with multiple charging ports.,90.7
Laptop Stand,High-capacity power bank with multiple charging ports.,138.52
VR Headset,Charge your devices on the go with fast charging.,266.83
Digital Camera,Project movies in 4K resolution with vivid colors.,497.2
Wireless Earbuds,"Powerful sound in a portable, compact design.",63.18
Portable Power Bank,Immerse yourself in virtual worlds with this headset.,481.19
Fitness Tracker,High-definition video calls with autofocus.,198.06
Webcam,Crystal clear display with vibrant colors.,255.35
Smart Thermostat,Store your files securely with fast read/write speeds.,88.39
Smartphone Case,Capture your moments in stunning clarity.,41.16
Car Charger,Central hub to control all your smart devices.,397.34
Wireless Earbuds,Project movies in 4K resolution with vivid colors.,141.22
Wireless Router,Charge your devices on the go with fast charging.,217.36
Streaming Stick,Ergonomic and compact design with high precision.,487.33
Gaming Keyboard,"Fast, reliable internet for all your devices.",115.5
Smart Lock,Project movies in 4K resolution with vivid colors.,99.29
Portable SSD,Create digital art with precision and ease.,79.83
Memory Card,Adjustable stand compatible with various laptops.,97.56
Portable Power Bank,Answer your door from anywhere with this smart doorbell.,498.0
USB-C Charger,High-speed transfer and large storage capacity.,219.48
Car Charger,Block out the world with premium sound quality.,417.39
Digital Camera,In-ear design with clear sound and touch controls.,367.2
External Hard Drive,Store your files securely with fast read/write speeds.,312.77
Fitness Tracker,Manage your home's temperature from anywhere.,75.75
Webcam,High-capacity power bank with multiple charging ports.,34.01
Fitness Tracker,Central hub to control all your smart devices.,87.82
Bluetooth Speaker,Expand your USB ports with this compact hub.,456.42
Portable Power Bank,High-capacity power bank with multiple charging ports.,245.38
Smart Light Bulb,Track your fitness and notifications on the go.,105.49
Portable Air Conditioner,"Protective cover with a sleek, lightweight design.",403.26
Tablet Cover,Block out the world with premium sound quality.,354.1
Wireless Router,High-capacity power bank with multiple charging ports.,495.34
USB-C Charger,RGB lighting and mechanical keys for enhanced gaming.,303.74
Graphic Tablet,Answer your door from anywhere with this smart doorbell.,445.43
Portable SSD,High-speed transfer and large storage capacity.,315.03
Wi-Fi Extender,Ergonomic and compact design with high precision.,33.42
Wireless Mouse,Stream your favorite shows in high definition.,156.04
Wireless Router,Monitor your health with an advanced fitness tracker.,51.36
Smart Home Hub,"Protective cover with a sleek, lightweight design.",314.89
Noise Cancelling Headphones,RGB lighting and mechanical keys for enhanced gaming.,85.14
VR Headset,High-definition video calls with autofocus.,282.4
Memory Card,"Fast, reliable internet for all your devices.",390.78
Smart Lock,Expand your USB ports with this compact hub.,96.28
Wireless Router,Keep your floors clean with automated vacuuming.,262.38
Smart Lock,"Protective cover with a sleek, lightweight design.",239.68
Car Charger,Crystal clear display with vibrant colors.,214.04
Mechanical Keyboard,Manage your home's temperature from anywhere.,64.35
Gaming Mouse,High-speed transfer and large storage capacity.,250.6
USB-C Charger,"Protective cover with a sleek, lightweight design.",56.26
Wireless Router,Supports 4K resolution with high-speed connectivity.,397.87
Action Camera,Central hub to control all your smart devices.,379.95
Gaming Keyboard,Secure your home with this smart lock and app control.,117.68
Smartwatch,Adjustable stand compatible with various laptops.,374.7
Portable SSD,RGB lighting and mechanical keys for enhanced gaming.,73.95
Bluetooth Speaker,Track your fitness and notifications on the go.,247.01
Smart Lock,Durable case with shock absorption and sleek design.,155.95
Smartphone Case,Central hub to control all your smart devices.,33.7
Portable SSD,Cool down your space quickly and efficiently.,438.89
Bluetooth Headphones,High-speed storage with sleek design.,309.44
Smartwatch,Extend your Wi-Fi coverage throughout your home.,325.27
Gaming Keyboard,High-definition video calls with autofocus.,111.12
Wireless Mouse,Expand your USB ports with this compact hub.,441.82
Wireless Router,High-speed transfer and large storage capacity.,308.24
USB Hub,Capture action moments with this rugged camera.,278.45
HDMI Cable,Control your lights remotely with your smartphone.,154.79
Wireless Earbuds,Store your files securely with fast read/write speeds.,436.58
Smart Lock,"Fast, reliable internet for all your devices.",269.96
Graphic Tablet,Fast charging with safety protection and compact design.,199.11
Robot Vacuum,"Fast, reliable internet for all your devices.",411.37
4K Projector,Cool down your space quickly and efficiently.,211.99
Smart Home Hub,Manage your home's temperature from anywhere.,132.5
Bluetooth Headphones,Answer your door from anywhere with this smart doorbell.,72.81
Webcam,Block out the world with premium sound quality.,478.85
Bluetooth Adapter,Expand your USB ports with this compact hub.,71.56
Streaming Stick,Control your lights remotely with your smartphone.,396.99
Smartphone Case,Adjustable stand compatible with various laptops.,115.35
HDMI Cable,Create digital art with precision and ease.,440.55
VR Headset,Monitor your health with an advanced fitness tracker.,303.67
Laptop Stand,Stream your favorite shows in high definition.,438.0
Digital Camera,High-capacity power bank with multiple charging ports.,82.16
Wireless Earbuds,Portable speaker with deep bass and Bluetooth connectivity.,31.9
Portable Air Conditioner,Create digital art with precision and ease.,361.58
Smartphone Case,Control your lights remotely with your smartphone.,461.25
Gaming Keyboard,In-ear design with clear sound and touch controls.,307.79
USB-C Charger,Stream your favorite shows in high definition.,377.35
Smartwatch,Precision tracking for all your gaming needs.,238.19
Bluetooth Speaker,"Powerful sound in a portable, compact design.",431.39
Smart Lock,Central hub to control all your smart devices.,224.8
Portable Speaker,Capture your moments in stunning clarity.,260.16
Graphic Tablet,Supports 4K resolution with high-speed connectivity.,15.46
Bluetooth Speaker,Crystal clear display with vibrant colors.,477.89
Smart Light Bulb,Precision tracking for all your gaming needs.,263.16
Smartwatch,Portable speaker with deep bass and Bluetooth connectivity.,174.95
USB-C Charger,Tactile feedback and customizable keys for typing.,205.37
Gaming Mouse,Track your fitness and notifications on the go.,165.11
Smart Lock,Keep your floors clean with automated vacuuming.,13.71
External Hard Drive,Monitor your health with an advanced fitness tracker.,425.02
Wireless Mouse,Crystal clear display with vibrant colors.,309.29
HDMI Cable,Charge your devices on the go with fast charging.,253.52
Smartwatch,Durable case with shock absorption and sleek design.,40.5
Gaming Keyboard,Store your files securely with fast read/write speeds.,357.96
Action Camera,In-ear design with clear sound and touch controls.,287.7
Tablet Cover,Extend your Wi-Fi coverage throughout your home.,181.92
Smartwatch,Supports 4K resolution with high-speed connectivity.,89.18
Graphic Tablet,Block out the world with premium sound quality.,182.29
Portable Air Conditioner,Control your lights remotely with your smartphone.,358.75
Portable Power Bank,RGB lighting and mechanical keys for enhanced gaming.,271.25
VR Headset,High-speed storage with sleek design.,458.13
Bluetooth Headphones,"Protective cover with a sleek, lightweight design.",314.4
Smart Home Hub,Immerse yourself in virtual worlds with this headset.,79.1
Graphic Tablet,Tactile feedback and customizable keys for typing.,166.81
Memory Card,Expand your USB ports with this compact hub.,251.72
Smartwatch,Capture action moments with this rugged camera.,265.46
Portable Power Bank,High-speed transfer and large storage capacity.,294.29
HDMI Cable,Cool down your space quickly and efficiently.,222.13
USB Hub,Charge your devices on the go with fast charging.,273.94
USB-C Charger,Answer your door from anywhere with this smart doorbell.,414.39
USB Hub,Create digital art with precision and ease.,309.43
Fitness Tracker,Create digital art with precision and ease.,195.88
Graphic Tablet,Answer your door from anywhere with this smart doorbell.,282.44
USB-C Charger,Secure your home with this smart lock and app control.,104.82
Bluetooth Speaker,Central hub to control all your smart devices.,249.41
Fitness Tracker,Fast charging with safety protection and compact design.,13.23
Bluetooth Speaker,Store your files securely with fast read/write speeds.,371.57
Portable SSD,Capture action moments with this rugged camera.,179.44
Noise Cancelling Headphones,High-speed storage with sleek design.,299.82
USB Hub,Cool down your space quickly and efficiently.,324.72
Portable Speaker,Extend your Wi-Fi coverage throughout your home.,406.18
Gaming Keyboard,Portable speaker with deep bass and Bluetooth connectivity.,197.65
Bluetooth Speaker,Project movies in 4K resolution with vivid colors.,58.56
External Hard Drive,Capture your moments in stunning clarity.,284.71
Wireless Earbuds,Portable speaker with deep bass and Bluetooth connectivity.,42.59
Portable SSD,Ergonomic and compact design with high precision.,59.08
Wi-Fi Extender,Portable speaker with deep bass and Bluetooth connectivity.,196.84
Graphic Tablet,Secure your home with this smart lock and app control.,476.69
Mechanical Keyboard,High-speed storage with sleek design.,211.51
Smart Lock,Expand your USB ports with this compact hub.,35.36
Action Camera,"Powerful sound in a portable, compact design.",56.57
VR Headset,Capture your moments in stunning clarity.,233.27
USB-C Charger,"Powerful sound in a portable, compact design.",364.64
Streaming Stick,Capture your moments in stunning clarity.,150.43
Memory Card,Extend your Wi-Fi coverage throughout your home.,68.43
Bluetooth Speaker,Project movies in 4K resolution with vivid colors.,262.58
Bluetooth Speaker,High-capacity power bank with multiple charging ports.,448.1
Smartphone Case,Seamlessly connect your devices with this adapter.,99.1
Smartphone Case,"Protective cover with a sleek, lightweight design.",291.2
Smart Home Hub,Central hub to control all your smart devices.,349.42
Tablet Cover,RGB lighting and mechanical keys for enhanced gaming.,457.99
Portable Speaker,Central hub to control all your smart devices.,184.12
Smartphone Case,High-speed transfer and large storage capacity.,259.09
VR Headset,High-capacity power bank with multiple charging ports.,486.31
HDMI Cable,"Protective cover with a sleek, lightweight design.",288.68
4K Projector,Supports 4K resolution with high-speed connectivity.,84.94
Gaming Mouse,Store your files securely with fast read/write speeds.,43.77
Smart Lock,Precision tracking for all your gaming needs.,365.6
Smartphone Case,Block out the world with premium sound quality.,116.82
Bluetooth Adapter,Secure your home with this smart lock and app control.,362.65
Portable Power Bank,Charge your devices on the go with fast charging.,259.74
Smart Lock,Expand your USB ports with this compact hub.,198.95
Memory Card,High-capacity power bank with multiple charging ports.,252.9
Smart Lock,Capture action moments with this rugged camera.,217.04
Smartphone Case,Extend your Wi-Fi coverage throughout your home.,344.92
Bluetooth Speaker,Over-ear headphones with deep bass and noise isolation.,46.28
Portable Power Bank,Fast charging with safety protection and compact design.,283.98
Smartwatch,Charge your devices on the go with fast charging.,121.02
Memory Card,Expand your USB ports with this compact hub.,323.93
Action Camera,Fast charging with safety protection and compact design.,452.9
Smart Thermostat,Tactile feedback and customizable keys for typing.,228.51
Wireless Earbuds,RGB lighting and mechanical keys for enhanced gaming.,389.46
Portable Air Conditioner,"Powerful sound in a portable, compact design.",371.66
Portable Power Bank,Keep your floors clean with automated vacuuming.,315.4
Graphic Tablet,RGB lighting and mechanical keys for enhanced gaming.,380.58
Graphic Tablet,Central hub to control all your smart devices.,290.36
Digital Camera,Extend your Wi-Fi coverage throughout your home.,120.89
Bluetooth Speaker,High-capacity power bank with multiple charging ports.,62.31
Portable SSD,Capture your moments in stunning clarity.,20.23
Mechanical Keyboard,Central hub to control all your smart devices.,284.11
Portable Power Bank,Secure your home with this smart lock and app control.,480.81
USB-C Charger,Capture action moments with this rugged camera.,396.02
Car Charger,Control your lights remotely with your smartphone.,208.34
External Hard Drive,Portable speaker with deep bass and Bluetooth connectivity.,466.12
Smart Home Hub,Keep your floors clean with automated vacuuming.,35.65
Smart Doorbell,Central hub to control all your smart devices.,27.56
4K Projector,Project movies in 4K resolution with vivid colors.,194.42
Webcam,High-speed transfer and large storage capacity.,319.28
Streaming Stick,Portable speaker with deep bass and Bluetooth connectivity.,312.89
Webcam,Adjustable stand compatible with various laptops.,110.34
Action Camera,Manage your home's temperature from anywhere.,249.31
VR Headset,Over-ear headphones with deep bass and noise isolation.,304.07
Wireless Router,Precision tracking for all your gaming needs.,106.37
USB-C Charger,Project movies in 4K resolution with vivid colors.,167.37
Wi-Fi Extender,Block out the world with premium sound quality.,66.24
Digital Camera,Portable speaker with deep bass and Bluetooth connectivity.,160.77
Portable SSD,"Fast, reliable internet for all your devices.",208.8
Tablet Cover,Over-ear headphones with deep bass and noise isolation.,259.08
Bluetooth Adapter,Capture action moments with this rugged camera.,399.42
Wireless Earbuds,Cool down your space quickly and efficiently.,480.18
Portable Air Conditioner,Seamlessly connect your devices with this adapter.,402.77
Bluetooth Speaker,High-speed storage with sleek design.,176.56
Wireless Mouse,"Protective cover with a sleek, lightweight design.",437.13
Action Camera,Crystal clear display with vibrant colors.,428.07
Wireless Router,Monitor your health with an advanced fitness tracker.,342.16
Bluetooth Headphones,In-ear design with clear sound and touch controls.,493.78
Portable Air Conditioner,High-definition video calls with autofocus.,269.73
HDMI Cable,RGB lighting and mechanical keys for enhanced gaming.,301.7
Graphic Tablet,Ergonomic and compact design with high precision.,197.95
Bluetooth Speaker,Track your fitness and notifications on the go.,459.94
Graphic Tablet,Create digital art with precision and ease.,412.66
Wireless Earbuds,Portable speaker with deep bass and Bluetooth connectivity.,372.4
USB-C Charger,Portable speaker with deep bass and Bluetooth connectivity.,125.55
Gaming Keyboard,In-ear design with clear sound and touch controls.,388.06
Smartwatch,In-ear design with clear sound and touch controls.,97.68
Portable SSD,Portable speaker with deep bass and Bluetooth connectivity.,404.26
Wi-Fi Extender,"Protective cover with a sleek, lightweight design.",456.76
Portable Power Bank,"Protective cover with a sleek, lightweight design.",435.92
Action Camera,Store your files securely with fast read/write speeds.,98.48
Car Charger,Cool down your space quickly and efficiently.,465.52
Portable SSD,Create digital art with precision and ease.,353.99
Digital Camera,In-ear design with clear sound and touch controls.,47.94
Streaming Stick,Manage your home's temperature from anywhere.,169.4
Gaming Keyboard,Block out the world with premium sound quality.,77.44
Robot Vacuum,Capture your moments in stunning clarity.,32.27
Portable Power Bank,"Fast, reliable internet for all your devices.",199.94
Mechanical Keyboard,Secure your home with this smart lock and app control.,37.81
4K Projector,Durable case with shock absorption and sleek design.,56.4
Gaming Mouse,Monitor your health with an advanced fitness tracker.,143.29
HDMI Cable,Crystal clear display with vibrant colors.,495.83
Streaming Stick,"Protective cover with a sleek, lightweight design.",191.23
Graphic Tablet,Keep your floors clean with automated vacuuming.,184.82
Fitness Tracker,Seamlessly connect your devices with this adapter.,157.26
Bluetooth Speaker,Ergonomic and compact design with high precision.,143.25
Smart Lock,Stream your favorite shows in high definition.,386.67
4K Projector,In-ear design with clear sound and touch controls.,12.05
Noise Cancelling Headphones,"Protective cover with a sleek, lightweight design.",361.95
Car Charger,Tactile feedback and customizable keys for typing.,431.35
Tablet Cover,Durable case with shock absorption and sleek design.,356.04
Smart Home Hub,Control your lights remotely with your smartphone.,285.49
Portable Power Bank,Control your lights remotely with your smartphone.,475.99
4K Projector,Seamlessly connect your devices with this adapter.,418.74
Laptop Stand,Seamlessly connect your devices with this adapter.,341.62
4K Projector,High-speed storage with sleek design.,169.04
Smart Light Bulb,Tactile feedback and customizable keys for typing.,424.22
Wi-Fi Extender,Create digital art with precision and ease.,66.78
External Hard Drive,Crystal clear display with vibrant colors.,64.8
Mechanical Keyboard,Monitor your health with an advanced fitness tracker.,268.9
Action Camera,Portable speaker with deep bass and Bluetooth connectivity.,37.55
Portable Power Bank,Central hub to control all your smart devices.,65.01
VR Headset,Capture action moments with this rugged camera.,374.36
Gaming Mouse,Manage your home's temperature from anywhere.,450.42
Fitness Tracker,Tactile feedback and customizable keys for typing.,316.22
HDMI Cable,Capture your moments in stunning clarity.,254.04
HDMI Cable,Expand your USB ports with this compact hub.,199.42
Action Camera,Cool down your space quickly and efficiently.,352.49
Bluetooth Adapter,Stream your favorite shows in high definition.,24.5
Webcam,Keep your floors clean with automated vacuuming.,143.79
Smartphone Case,Supports 4K resolution with high-speed connectivity.,124.87
4K Projector,Secure your home with this smart lock and app control.,451.31
Gaming Keyboard,Over-ear headphones with deep bass and noise isolation.,333.97
Action Camera,"Powerful sound in a portable, compact design.",44.16
Smartwatch,Ergonomic and compact design with high precision.,56.24
Mechanical Keyboard,Project movies in 4K resolution with vivid colors.,227.34
Smartwatch,High-definition video calls with autofocus.,483.49
Fitness Tracker,In-ear design with clear sound and touch controls.,496.99
Fitness Tracker,Portable speaker with deep bass and Bluetooth connectivity.,392.43
Portable Power Bank,Project movies in 4K resolution with vivid colors.,414.08
VR Headset,Capture your moments in stunning clarity.,362.24
Memory Card,Seamlessly connect your devices with this adapter.,290.31
Smart Thermostat,Stream your favorite shows in high definition.,345.01
Car Charger,Secure your home with this smart lock and app control.,345.85
Smart Doorbell,Cool down your space quickly and efficiently.,14.85
USB Hub,Central hub to control all your smart devices.,206.21
VR Headset,Project movies in 4K resolution with vivid colors.,57.95
Fitness Tracker,Block out the world with premium sound quality.,280.18
Portable SSD,Track your fitness and notifications on the go.,121.0
Wireless Router,Immerse yourself in virtual worlds with this headset.,285.53
Mechanical Keyboard,Answer your door from anywhere with this smart doorbell.,315.52
Wireless Earbuds,Capture your moments in stunning clarity.,52.82
Robot Vacuum,Manage your home's temperature from anywhere.,410.66
Tablet Cover,"Protective cover with a sleek, lightweight design.",310.84
Wireless Mouse,Monitor your health with an advanced fitness tracker.,482.63
HDMI Cable,Control your lights remotely with your smartphone.,474.96
Fitness Tracker,Block out the world with premium sound quality.,276.76
Memory Card,In-ear design with clear sound and touch controls.,194.38
Smart Doorbell,Block out the world with premium sound quality.,331.87
Tablet Cover,Portable speaker with deep bass and Bluetooth connectivity.,178.1
Bluetooth Speaker,Expand your USB ports with this compact hub.,317.95
Gaming Keyboard,High-definition video calls with autofocus.,422.03
Mechanical Keyboard,Track your fitness and notifications on the go.,250.38
Portable SSD,High-capacity power bank with multiple charging ports.,457.67
Wireless Earbuds,Cool down your space quickly and efficiently.,175.39
4K Projector,Charge your devices on the go with fast charging.,363.24
Smart Home Hub,Stream your favorite shows in high definition.,338.78
Smart Thermostat,Expand your USB ports with this compact hub.,50.05
Smart Home Hub,Precision tracking for all your gaming needs.,464.77
Bluetooth Speaker,Extend your Wi-Fi coverage throughout your home.,270.93
Portable Air Conditioner,High-speed transfer and large storage capacity.,132.42
Gaming Mouse,Supports 4K resolution with high-speed connectivity.,204.0
Bluetooth Adapter,Expand your USB ports with this compact hub.,171.03
Smartwatch,Cool down your space quickly and efficiently.,309.13
USB Hub,RGB lighting and mechanical keys for enhanced gaming.,54.1
Mechanical Keyboard,Project movies in 4K resolution with vivid colors.,259.96
Gaming Mouse,High-capacity power bank with multiple charging ports.,75.91
External Hard Drive,Fast charging with safety protection and compact design.,412.99
Smartphone Case,Crystal clear display with vibrant colors.,37.43
Wireless Router,Answer your door from anywhere with this smart doorbell.,59.65
Portable Power Bank,Capture action moments with this rugged camera.,221.0
Tablet Cover,High-speed storage with sleek design.,249.46
Bluetooth Headphones,Portable speaker with deep bass and Bluetooth connectivity.,373.87
Car Charger,Stream your favorite shows in high definition.,433.33
Gaming Mouse,High-definition video calls with autofocus.,181.53
Portable Power Bank,Store your files securely with fast read/write speeds.,205.12
Graphic Tablet,In-ear design with clear sound and touch controls.,96.73
Fitness Tracker,Control your lights remotely with your smartphone.,266.6
Memory Card,Extend your Wi-Fi coverage throughout your home.,240.58
Wireless Mouse,Track your fitness and notifications on the go.,168.99
Memory Card,"Powerful sound in a portable, compact design.",458.49
Portable Speaker,Supports 4K resolution with high-speed connectivity.,110.91
HDMI Cable,Extend your Wi-Fi coverage throughout your home.,240.13
